accountId,id,firstName,lastName,email
johndoe@example.com,johndoe@example.com,John,Doe,johndoe@example.com
janesmith@example.com,janesmith@example.com,Jane,Smith,janesmith@example.com
adamjohnson@example.com,adamjohnson@example.com,Adam,Johnson,adamjohnson@example.com
emilywilliams@example.com,emilywilliams@example.com,Emily,Williams,emilywilliams@example.com
michaelbrown@example.com,michaelbrown@example.com,Michael,Brown,michaelbrown@example.com
mariagarcia@example.com,mariagarcia@example.com,Maria,Garcia,mariagarcia@example.com
robertjones@example.com,robertjones@example.com,Robert,Jones,robertjones@example.com
karentaylor@example.com,karentaylor@example.com,Karen,Taylor,karentaylor@example.com
davidmartinez@example.com,davidmartinez@example.com,David,Martinez,davidmartinez@example.com
lindaanderson@example.com,lindaanderson@example.com,Linda,Anderson,lindaanderson@example.com
anthonythomas@example.com,anthonythomas@example.com,Anthony,Thomas,anthonythomas@example.com
sarahjackson@example.com,sarahjackson@example.com,Sarah,Jackson,sarahjackson@example.com
markhernandez@example.com,markhernandez@example.com,Mark,Hernandez,markhernandez@example.com
nancylopez@example.com,nancylopez@example.com,Nancy,Lopez,nancylopez@example.com
stevenscott@example.com,stevenscott@example.com,Steven,Scott,stevenscott@example.com
lauralee@example.com,lauralee@example.com,Laura,Lee,lauralee@example.com
williamgreen@example.com,williamgreen@example.com,William,Green,williamgreen@example.com
amyadams@example.com,amyadams@example.com,Amy,Adams,amyadams@example.com
timothycarter@example.com,timothycarter@example.com,Timothy,Carter,timothycarter@example.com
jessicamitchell@example.com,jessicamitchell@example.com,Jessica,Mitchell,jessicamitchell@example.com